status,cache_status,dataset,dataset_label,sheet,target,smiles_subset,model,workflow,dataset_signature,n_train,n_test,cv_strategy,cv_r2,cv_rmse,cv_mae,cv_spearman,train_r2,train_rmse,train_mae,train_spearman,test_r2,test_rmse,test_mae,test_spearman,elapsed_seconds,dataset_source,benchmark_suite,benchmark_id,leaderboard_url,leaderboard_model,leaderboard_metric_name,leaderboard_metric_value,leaderboard_dataset_split,leaderboard_top10_count,leaderboard_top10_json,n_molecules,target_transform,smiles_column,target_column,split_strategy,split_train_hash,split_test_hash,original_feature_count,post_dedup_feature_count,feature_dedup_dropped_count,feature_dedup_low_variance_count,feature_dedup_binary_prevalence_count,feature_dedup_exact_count,feature_dedup_near_count,feature_dedup_moderate_count,feature_dedup_threshold,feature_dedup_moderate_threshold,feature_dedup_variance_threshold,feature_dedup_binary_prevalence_min,feature_dedup_binary_prevalence_max,feature_dedup_scan_warning,selected_feature_count,selector_method,selector_timed_out,selector_alpha,selector_l1_ratio,selector_n_iter,selector_cv_folds,selector_cv_split_strategy,selector_max_selected_features,selector_auto_rf_large_dataset_triggered,selector_predicted_elasticnet_seconds,selector_auto_rf_threshold_seconds,selector_auto_rf_threshold_dataset_size,selected_feature_families_json,built_feature_families_json,auxiliary_feature_columns_json,auxiliary_feature_count,feature_count_with_auxiliary,feature_store_path,feature_store_shard_format,feature_store_cached_rows,feature_store_generated_rows,shared_feature_matrix_cache_hit,shared_feature_matrix_cache_file,representation_key,cv_folds,cv_split_strategy,primary_metric,cv_primary,primary_metric_value,train_inference_seconds,test_inference_seconds,inference_seconds,train_inference_molecules,test_inference_molecules,inference_molecules,test_inference_seconds_per_1000_molecules,inference_seconds_per_1000_molecules,inference_timing_source,model_trainable_parameters,model_parameter_count_source,leaderboard_rank,leaderboard_metric_normalized,leaderboard_metric_reference,leaderboard_delta_primary,leaderboard_lower_is_better,leaderboard_top10_best_reference,leaderboard_delta_top10_best,leaderboard_estimated_rank_vs_top10,leaderboard_estimated_in_top10,leaderboard_gap_to_top10_cutoff,leaderboard_top10_cutoff_value,model_alpha,model_l1_ratio,elasticnet_cv_folds,elasticnet_cv_split_strategy,maplight_parity_mode,maplight_seed_count,maplight_seed_values,maplight_loss_function,maplight_scaler,maplight_feature_source,error,execution_mode,chemprop_model_dir,chemprop_epochs,chemprop_batch_size,chemprop_num_workers,chemprop_ensemble_size,chemprop_random_seed,chemprop_split_mode,chemprop_architecture,chemprop_variant_tag,chemprop_train_extra_args,chemprop_molecule_featurizers,chemprop_rdkit2d_fallback_applied,chemprop_uses_selected_descriptors,chemprop_selected_descriptor_count,chemprop_selected_descriptor_columns_sha256,maplight_embedding_backend,maplight_embedding_kind,cfa_variant,cfa_combination_space,cfa_optimize_metric,cfa_train_metric,cfa_adjusted_metric,cfa_subset_diversity_mean,cfa_selected_models,cfa_weights_json,cfa_candidate_count,cfa_source_member_count,cfa_best_per_workflow_only,cfa_best_per_workflow_notes,cfa_requested_max_models,cfa_effective_max_models,cfa_subset_budget,cfa_effective_subset_count,cfa_estimated_candidate_count,ensemble_method,ensemble_member_count,ensemble_members,ensemble_member_filter_notes,unimol_model_dir,unimol_internal_split,unimol_epochs,unimol_learning_rate,unimol_batch_size,unimol_early_stopping,unimol_num_workers
completed,computed,vdss_pfas_tsca,VDss_pfas_tsca,VDss_pfas_tsca,VDss,pfas_only_tsca,ridge_cv,qsar_core_molecular_plus_auxiliary,544353a15b949d62,62,26,group_kfold_smiles,0.2274337218947475,0.2597008259821308,0.1635805151173928,0.6412746765422557,0.887506581749659,0.099098941082707,0.0689425078529051,0.9453996390238776,-0.7693186496646676,0.4504352430604789,0.2720641912260607,0.4069830064181625,0.057,,,,,,,,,0.0,[],,,,,,,,,,,,,,,,,,,,,,,,,,,,,,,,,,,,,,,,,,,,,,,,,,,,,,,,,,,,,,,,,,,,,,,,,,,,,,,,,,,,,,,,,,,,,,,,,,,,,,,,,,,,,,,,,,,,,,,,,,,,,,,,,,
completed,computed,vdss_pfas_tsca,VDss_pfas_tsca,VDss_pfas_tsca,VDss,pfas_only_tsca,elasticnet,qsar_core_molecular_plus_auxiliary,544353a15b949d62,62,26,group_kfold_smiles,0.5317086744036377,0.2021917884256651,0.1507888105359143,0.6146636502584789,0.8842308340631795,0.1005314413721033,0.0719127627814474,0.9329116972637916,-0.5076065655933155,0.4157893352849495,0.2142553808654077,0.3228791821195293,0.068,,,,,,,,,0.0,[],,,,,,,,,,,,,,,,,,,,,,,,,,,,,,,,,,,,,,,,,,,,,,,,,,,,,,,,,,,,,,,,,,,,,,,,,,,,,,,,,,,,,,,,,,,,,,,,,,,,,,,,,,,,,,,,,,,,,,,,,,,,,,,,,,
completed,computed,vdss_pfas_tsca,VDss_pfas_tsca,VDss_pfas_tsca,VDss,pfas_only_tsca,random_forest,qsar_core_molecular_plus_auxiliary,544353a15b949d62,62,26,group_kfold_smiles,0.1749168595695814,0.2683825738536829,0.1894433267542092,0.52696016649988,0.8316205246484205,0.1212411460901723,0.079672752381817,0.955576602897196,-0.6558368114288795,0.4357507089538266,0.2524963769463009,0.209481581100013,3.04,,,,,,,,,0.0,[],,,,,,,,,,,,,,,,,,,,,,,,,,,,,,,,,,,,,,,,,,,,,,,,,,,,,,,,,,,,,,,,,,,,,,,,,,,,,,,,,,,,,,,,,,,,,,,,,,,,,,,,,,,,,,,,,,,,,,,,,,,,,,,,,,
completed,computed,vdss_pfas_tsca,VDss_pfas_tsca,VDss_pfas_tsca,VDss,pfas_only_tsca,extra_trees,qsar_core_molecular_plus_auxiliary,544353a15b949d62,62,26,group_kfold_smiles,0.1989610597269294,0.2644431193411579,0.1849465402032074,0.4727250100165757,0.9315684829097902,0.0772918213148223,0.0483843696676637,0.9740160522914268,-0.6414895090264785,0.4338587807424631,0.2377727081714146,0.2902620600862926,1.963,,,,,,,,,0.0,[],,,,,,,,,,,,,,,,,,,,,,,,,,,,,,,,,,,,,,,,,,,,,,,,,,,,,,,,,,,,,,,,,,,,,,,,,,,,,,,,,,,,,,,,,,,,,,,,,,,,,,,,,,,,,,,,,,,,,,,,,,,,,,,,,,
completed,computed,vdss_pfas_tsca,VDss_pfas_tsca,VDss_pfas_tsca,VDss,pfas_only_tsca,hist_gradient_boosting,qsar_core_molecular_plus_auxiliary,544353a15b949d62,62,26,group_kfold_smiles,-0.0386632798352302,0.3011222495491732,0.2185976902371665,0.5661076331434584,0.891075837043008,0.0975141350032595,0.0739776949407847,0.9331216611228708,-0.5830686819613797,0.4260682911634511,0.2400498538495114,0.3828583273399294,3.867,,,,,,,,,0.0,[],,,,,,,,,,,,,,,,,,,,,,,,,,,,,,,,,,,,,,,,,,,,,,,,,,,,,,,,,,,,,,,,,,,,,,,,,,,,,,,,,,,,,,,,,,,,,,,,,,,,,,,,,,,,,,,,,,,,,,,,,,,,,,,,,,
completed,computed,vdss_pfas_tsca,VDss_pfas_tsca,VDss_pfas_tsca,VDss,pfas_only_tsca,svr_rbf,qsar_core_molecular_plus_auxiliary,544353a15b949d62,62,26,group_kfold_smiles,0.2085339762096475,0.2628582396747294,0.1931781483251854,0.5409660870780115,0.950923848132472,0.0654546805994181,0.0493588252994848,0.9769885318385844,-0.7912167553040064,0.4532140942057409,0.2446749166847793,0.3060074076853131,0.076,,,,,,,,,0.0,[],,,,,,,,,,,,,,,,,,,,,,,,,,,,,,,,,,,,,,,,,,,,,,,,,,,,,,,,,,,,,,,,,,,,,,,,,,,,,,,,,,,,,,,,,,,,,,,,,,,,,,,,,,,,,,,,,,,,,,,,,,,,,,,,,,
completed,computed,vdss_pfas_tsca,VDss_pfas_tsca,VDss_pfas_tsca,VDss,pfas_only_tsca,knn_distance,qsar_core_molecular_plus_auxiliary,544353a15b949d62,62,26,group_kfold_smiles,0.1813171266767048,0.2673396096979335,0.198473965504825,0.4736915142940572,0.9999999999999896,3.0346911661880275e-08,1.3519257573191637e-08,0.9999496056642914,-0.9338896207699996,0.4709178764896068,0.2797424206119536,0.2331793355614191,0.165,,,,,,,,,0.0,[],,,,,,,,,,,,,,,,,,,,,,,,,,,,,,,,,,,,,,,,,,,,,,,,,,,,,,,,,,,,,,,,,,,,,,,,,,,,,,,,,,,,,,,,,,,,,,,,,,,,,,,,,,,,,,,,,,,,,,,,,,,,,,,,,,
completed,computed,vdss_pfas_tsca,VDss_pfas_tsca,VDss_pfas_tsca,VDss,pfas_only_tsca,xgboost,qsar_core_molecular_plus_auxiliary,544353a15b949d62,62,26,group_kfold_smiles,0.2034919191311587,0.263694183427136,0.1988320024062785,0.4558221814051975,0.9997437309866456,0.0047299168439033,0.003792831275368,0.9984256512846096,-0.7455858530082533,0.4474040823290507,0.2371811284444938,0.3679619275858071,5.496,,,,,,,,,0.0,[],,,,,,,,,,,,,,,,,,,,,,,,,,,,,,,,,,,,,,,,,,,,,,,,,,,,,,,,,,,,,,,,,,,,,,,,,,,,,,,,,,,,,,,,,,,,,,,,,,,,,,,,,,,,,,,,,,,,,,,,,,,,,,,,,,
completed,computed,vdss_pfas_tsca,VDss_pfas_tsca,VDss_pfas_tsca,VDss,pfas_only_tsca,catboost,qsar_core_molecular_plus_auxiliary,544353a15b949d62,62,26,group_kfold_smiles,0.1972624754119072,0.2647233435886522,0.1856719379716569,0.4813452760707561,0.9999879994326504,0.0010235435984347,0.0007925382182685,0.9992569379376278,-0.4003326010852821,0.400723614104262,0.2255479633508041,0.3987680424534561,21.243,,,,,,,,,0.0,[],,,,,,,,,,,,,,,,,,,,,,,,,,,,,,,,,,,,,,,,,,,,,,,,,,,,,,,,,,,,,,,,,,,,,,,,,,,,,,,,,,,,,,,,,,,,,,,,,,,,,,,,,,,,,,,,,,,,,,,,,,,,,,,,,,
,,vdss_pfas_tsca,,,,,ElasticNetCV,conventional,,62,26,,0.6046838812590286,0.177317344335326,0.122450014994713,,0.8652679736204152,0.1084528272086617,0.0813681390719185,0.9133655881463564,-0.4518853342944788,0.4080331939995569,0.2075052594116414,0.291402441284657,46.708,PFAS auxiliary workbook: modeling_datasets_aux_features.xlsx::VDss_pfas_tsca,pfas_aux_workbook,VDss_pfas_tsca,,,,,,0.0,[],88.0,raw,QSAR_READY_SMILES,TARGET_log10,predefined,5802a5fa294be6264f4689976d14b9bcf9b34ba2b002e5a20670e025d6ab4a37,54c1048c6e19a8b5c596e27a222b3ba1e0d3a9d3f11e7289e2068f36ae19d3a2,10134.0,291.0,9843.0,7102.0,0.0,2741.0,0.0,0.0,0.999,,1e-08,0.005,0.995,,11.0,elasticnet_cv,False,0.0432876128108306,0.7,156.0,3.0,random,512.0,False,34.48893784649846,7200.0,4852.725340542198,"[""morgan"", ""ecfp6"", ""fcfp6"", ""layered"", ""atom_pair"", ""topological_torsion"", ""rdk_path"", ""maccs"", ""rdkit"", ""maplight""]","[""morgan"", ""ecfp6"", ""fcfp6"", ""layered"", ""atom_pair"", ""topological_torsion"", ""rdk_path"", ""maccs"", ""rdkit"", ""maplight""]","[""ProxTubLen"", ""ProxTubDiam"", ""ProxTubVol"", ""ProxTubSA"", ""ProxTubTotalVol"", ""ProxTubTotSA"", ""GlomTotSA_ProxTubTotVol_ratio"", ""ProxTubTotSA_ProxTotVol_ratio"", ""species_Human"", ""species_Monkey"", ""species_Mouse"", ""species_Rat"", ""sex_F"", ""sex_M"", ""sex_MF"", ""route_intravenous"", ""route_oral"", ""route_other"", ""route_unknown""]",19.0,10134.0,C:\Users\Scott.Coffin\OneDrive - California OEHHA\R_new\AutoQSAR\model_cache\feature_store_parquet,parquet,71.0,17.0,False,C:\Users\Scott.Coffin\OneDrive - California OEHHA\R_new\AutoQSAR\model_cache\benchmark_feature_matrix_cache\b0d0f6de002b3153cf67b1e83556e6bcfd7241c79c55da874b150e467a93ce62.pkl,morgan_ecfp6_fcfp6_layered_atom_pair_topological_torsion_rdk_path_maccs_rdkit_maplight__9d9272112e8cc9d9,5.0,random,rmse,0.177317344335326,0.4080331939995569,0.001194199983729,0.000964799983194,0.0021589999669231,62.0,26.0,88.0,0.0371076916613114,0.0245340905332175,fitted_estimator_predict,,unavailable,,,,,,,,,,,,0.0065793322465756,0.8,3.0,random,,,,,,,,,,,,,,,,,,,,,,,,,,,,,,,,,,,,,,,,,,,,,,,,,,,,,
,,vdss_pfas_tsca,,,,,SVR,conventional,,62,26,,0.5764969675345313,0.1847761524098281,0.119533893159913,,0.9240173617902948,0.0814446650314412,0.071224492330416,0.944612438262272,-0.2537479326751966,0.3791704209142482,0.2053528475503315,0.4842978146674334,46.779,PFAS auxiliary workbook: modeling_datasets_aux_features.xlsx::VDss_pfas_tsca,pfas_aux_workbook,VDss_pfas_tsca,,,,,,0.0,[],88.0,raw,QSAR_READY_SMILES,TARGET_log10,predefined,5802a5fa294be6264f4689976d14b9bcf9b34ba2b002e5a20670e025d6ab4a37,54c1048c6e19a8b5c596e27a222b3ba1e0d3a9d3f11e7289e2068f36ae19d3a2,10134.0,291.0,9843.0,7102.0,0.0,2741.0,0.0,0.0,0.999,,1e-08,0.005,0.995,,11.0,elasticnet_cv,False,0.0432876128108306,0.7,156.0,3.0,random,512.0,False,34.48893784649846,7200.0,4852.725340542198,"[""morgan"", ""ecfp6"", ""fcfp6"", ""layered"", ""atom_pair"", ""topological_torsion"", ""rdk_path"", ""maccs"", ""rdkit"", ""maplight""]","[""morgan"", ""ecfp6"", ""fcfp6"", ""layered"", ""atom_pair"", ""topological_torsion"", ""rdk_path"", ""maccs"", ""rdkit"", ""maplight""]","[""ProxTubLen"", ""ProxTubDiam"", ""ProxTubVol"", ""ProxTubSA"", ""ProxTubTotalVol"", ""ProxTubTotSA"", ""GlomTotSA_ProxTubTotVol_ratio"", ""ProxTubTotSA_ProxTotVol_ratio"", ""species_Human"", ""species_Monkey"", ""species_Mouse"", ""species_Rat"", ""sex_F"", ""sex_M"", ""sex_MF"", ""route_intravenous"", ""route_oral"", ""route_other"", ""route_unknown""]",19.0,10134.0,C:\Users\Scott.Coffin\OneDrive - California OEHHA\R_new\AutoQSAR\model_cache\feature_store_parquet,parquet,71.0,17.0,False,C:\Users\Scott.Coffin\OneDrive - California OEHHA\R_new\AutoQSAR\model_cache\benchmark_feature_matrix_cache\b0d0f6de002b3153cf67b1e83556e6bcfd7241c79c55da874b150e467a93ce62.pkl,morgan_ecfp6_fcfp6_layered_atom_pair_topological_torsion_rdk_path_maccs_rdkit_maplight__9d9272112e8cc9d9,5.0,random,rmse,0.1847761524098281,0.3791704209142482,0.0011039999953936,0.0009439000277779,0.0020479000231716,62.0,26.0,88.0,0.0363038472222307,0.0232715911724054,fitted_estimator_predict,,unavailable,,,,,,,,,,,,,,,,,,,,,,,,,,,,,,,,,,,,,,,,,,,,,,,,,,,,,,,,,,,,,,,,,,,,
,,vdss_pfas_tsca,,,,,Random forest,conventional,,62,26,,0.681907993775246,0.1628446684510371,0.0960938684111952,,0.9530478984947596,0.0640225510060911,0.0349100722332714,0.9778248160467696,-0.9232833823363708,0.4696247483120117,0.2622707561489022,0.4131564683524417,48.706,PFAS auxiliary workbook: modeling_datasets_aux_features.xlsx::VDss_pfas_tsca,pfas_aux_workbook,VDss_pfas_tsca,,,,,,0.0,[],88.0,raw,QSAR_READY_SMILES,TARGET_log10,predefined,5802a5fa294be6264f4689976d14b9bcf9b34ba2b002e5a20670e025d6ab4a37,54c1048c6e19a8b5c596e27a222b3ba1e0d3a9d3f11e7289e2068f36ae19d3a2,10134.0,291.0,9843.0,7102.0,0.0,2741.0,0.0,0.0,0.999,,1e-08,0.005,0.995,,11.0,elasticnet_cv,False,0.0432876128108306,0.7,156.0,3.0,random,512.0,False,34.48893784649846,7200.0,4852.725340542198,"[""morgan"", ""ecfp6"", ""fcfp6"", ""layered"", ""atom_pair"", ""topological_torsion"", ""rdk_path"", ""maccs"", ""rdkit"", ""maplight""]","[""morgan"", ""ecfp6"", ""fcfp6"", ""layered"", ""atom_pair"", ""topological_torsion"", ""rdk_path"", ""maccs"", ""rdkit"", ""maplight""]","[""ProxTubLen"", ""ProxTubDiam"", ""ProxTubVol"", ""ProxTubSA"", ""ProxTubTotalVol"", ""ProxTubTotSA"", ""GlomTotSA_ProxTubTotVol_ratio"", ""ProxTubTotSA_ProxTotVol_ratio"", ""species_Human"", ""species_Monkey"", ""species_Mouse"", ""species_Rat"", ""sex_F"", ""sex_M"", ""sex_MF"", ""route_intravenous"", ""route_oral"", ""route_other"", ""route_unknown""]",19.0,10134.0,C:\Users\Scott.Coffin\OneDrive - California OEHHA\R_new\AutoQSAR\model_cache\feature_store_parquet,parquet,71.0,17.0,False,C:\Users\Scott.Coffin\OneDrive - California OEHHA\R_new\AutoQSAR\model_cache\benchmark_feature_matrix_cache\b0d0f6de002b3153cf67b1e83556e6bcfd7241c79c55da874b150e467a93ce62.pkl,morgan_ecfp6_fcfp6_layered_atom_pair_topological_torsion_rdk_path_maccs_rdkit_maplight__9d9272112e8cc9d9,5.0,random,rmse,0.1628446684510371,0.4696247483120117,0.0218688000168185,0.0215981999936047,0.0434670000104233,62.0,26.0,88.0,0.8306999997540305,0.4939431819366291,fitted_estimator_predict,,unavailable,,,,,,,,,,,,,,,,,,,,,,,,,,,,,,,,,,,,,,,,,,,,,,,,,,,,,,,,,,,,,,,,,,,,
,,vdss_pfas_tsca,,,,,Extra trees,conventional,,62,26,,0.6236022462466606,0.1704789739365273,0.0793931141698627,,0.9887595770590044,0.0313254114061418,0.0077968253317292,0.9909787319826632,-0.7549630432265941,0.4486041876992816,0.2424982623411967,0.4067277890722243,50.533,PFAS auxiliary workbook: modeling_datasets_aux_features.xlsx::VDss_pfas_tsca,pfas_aux_workbook,VDss_pfas_tsca,,,,,,0.0,[],88.0,raw,QSAR_READY_SMILES,TARGET_log10,predefined,5802a5fa294be6264f4689976d14b9bcf9b34ba2b002e5a20670e025d6ab4a37,54c1048c6e19a8b5c596e27a222b3ba1e0d3a9d3f11e7289e2068f36ae19d3a2,10134.0,291.0,9843.0,7102.0,0.0,2741.0,0.0,0.0,0.999,,1e-08,0.005,0.995,,11.0,elasticnet_cv,False,0.0432876128108306,0.7,156.0,3.0,random,512.0,False,34.48893784649846,7200.0,4852.725340542198,"[""morgan"", ""ecfp6"", ""fcfp6"", ""layered"", ""atom_pair"", ""topological_torsion"", ""rdk_path"", ""maccs"", ""rdkit"", ""maplight""]","[""morgan"", ""ecfp6"", ""fcfp6"", ""layered"", ""atom_pair"", ""topological_torsion"", ""rdk_path"", ""maccs"", ""rdkit"", ""maplight""]","[""ProxTubLen"", ""ProxTubDiam"", ""ProxTubVol"", ""ProxTubSA"", ""ProxTubTotalVol"", ""ProxTubTotSA"", ""GlomTotSA_ProxTubTotVol_ratio"", ""ProxTubTotSA_ProxTotVol_ratio"", ""species_Human"", ""species_Monkey"", ""species_Mouse"", ""species_Rat"", ""sex_F"", ""sex_M"", ""sex_MF"", ""route_intravenous"", ""route_oral"", ""route_other"", ""route_unknown""]",19.0,10134.0,C:\Users\Scott.Coffin\OneDrive - California OEHHA\R_new\AutoQSAR\model_cache\feature_store_parquet,parquet,71.0,17.0,False,C:\Users\Scott.Coffin\OneDrive - California OEHHA\R_new\AutoQSAR\model_cache\benchmark_feature_matrix_cache\b0d0f6de002b3153cf67b1e83556e6bcfd7241c79c55da874b150e467a93ce62.pkl,morgan_ecfp6_fcfp6_layered_atom_pair_topological_torsion_rdk_path_maccs_rdkit_maplight__9d9272112e8cc9d9,5.0,random,rmse,0.1704789739365273,0.4486041876992816,0.0247554999950807,0.0259998000110499,0.0507553000061307,62.0,26.0,88.0,0.999992308117306,0.5767647727969398,fitted_estimator_predict,,unavailable,,,,,,,,,,,,,,,,,,,,,,,,,,,,,,,,,,,,,,,,,,,,,,,,,,,,,,,,,,,,,,,,,,,,
,,vdss_pfas_tsca,,,,,HistGradientBoosting,conventional,,62,26,,0.4341166049209828,0.2107312442507659,0.1445054194759632,,0.7075736875126688,0.1597767860648162,0.1252016301554162,0.8807409587165027,-0.5651016549536745,0.4236435621145294,0.2562106365937583,0.3084901630364899,59.271,PFAS auxiliary workbook: modeling_datasets_aux_features.xlsx::VDss_pfas_tsca,pfas_aux_workbook,VDss_pfas_tsca,,,,,,0.0,[],88.0,raw,QSAR_READY_SMILES,TARGET_log10,predefined,5802a5fa294be6264f4689976d14b9bcf9b34ba2b002e5a20670e025d6ab4a37,54c1048c6e19a8b5c596e27a222b3ba1e0d3a9d3f11e7289e2068f36ae19d3a2,10134.0,291.0,9843.0,7102.0,0.0,2741.0,0.0,0.0,0.999,,1e-08,0.005,0.995,,11.0,elasticnet_cv,False,0.0432876128108306,0.7,156.0,3.0,random,512.0,False,34.48893784649846,7200.0,4852.725340542198,"[""morgan"", ""ecfp6"", ""fcfp6"", ""layered"", ""atom_pair"", ""topological_torsion"", ""rdk_path"", ""maccs"", ""rdkit"", ""maplight""]","[""morgan"", ""ecfp6"", ""fcfp6"", ""layered"", ""atom_pair"", ""topological_torsion"", ""rdk_path"", ""maccs"", ""rdkit"", ""maplight""]","[""ProxTubLen"", ""ProxTubDiam"", ""ProxTubVol"", ""ProxTubSA"", ""ProxTubTotalVol"", ""ProxTubTotSA"", ""GlomTotSA_ProxTubTotVol_ratio"", ""ProxTubTotSA_ProxTotVol_ratio"", ""species_Human"", ""species_Monkey"", ""species_Mouse"", ""species_Rat"", ""sex_F"", ""sex_M"", ""sex_MF"", ""route_intravenous"", ""route_oral"", ""route_other"", ""route_unknown""]",19.0,10134.0,C:\Users\Scott.Coffin\OneDrive - California OEHHA\R_new\AutoQSAR\model_cache\feature_store_parquet,parquet,71.0,17.0,False,C:\Users\Scott.Coffin\OneDrive - California OEHHA\R_new\AutoQSAR\model_cache\benchmark_feature_matrix_cache\b0d0f6de002b3153cf67b1e83556e6bcfd7241c79c55da874b150e467a93ce62.pkl,morgan_ecfp6_fcfp6_layered_atom_pair_topological_torsion_rdk_path_maccs_rdkit_maplight__9d9272112e8cc9d9,5.0,random,rmse,0.2107312442507659,0.4236435621145294,0.0205765000137034,0.0148136999923735,0.035390200006077,62.0,26.0,88.0,0.5697576920143688,0.4021613637054212,fitted_estimator_predict,,unavailable,,,,,,,,,,,,,,,,,,,,,,,,,,,,,,,,,,,,,,,,,,,,,,,,,,,,,,,,,,,,,,,,,,,,
,,vdss_pfas_tsca,,,,,"Voting Regressor (KNN, SVM)",conventional,,62,26,,0.6936768470231668,0.159207526142464,0.0921122992478212,,0.972574023241827,0.0489312723658801,0.039384665172657,0.9752041124886606,-0.3628585301927769,0.3953254046168818,0.2066124021647667,0.3730912293008506,59.491,PFAS auxiliary workbook: modeling_datasets_aux_features.xlsx::VDss_pfas_tsca,pfas_aux_workbook,VDss_pfas_tsca,,,,,,0.0,[],88.0,raw,QSAR_READY_SMILES,TARGET_log10,predefined,5802a5fa294be6264f4689976d14b9bcf9b34ba2b002e5a20670e025d6ab4a37,54c1048c6e19a8b5c596e27a222b3ba1e0d3a9d3f11e7289e2068f36ae19d3a2,10134.0,291.0,9843.0,7102.0,0.0,2741.0,0.0,0.0,0.999,,1e-08,0.005,0.995,,11.0,elasticnet_cv,False,0.0432876128108306,0.7,156.0,3.0,random,512.0,False,34.48893784649846,7200.0,4852.725340542198,"[""morgan"", ""ecfp6"", ""fcfp6"", ""layered"", ""atom_pair"", ""topological_torsion"", ""rdk_path"", ""maccs"", ""rdkit"", ""maplight""]","[""morgan"", ""ecfp6"", ""fcfp6"", ""layered"", ""atom_pair"", ""topological_torsion"", ""rdk_path"", ""maccs"", ""rdkit"", ""maplight""]","[""ProxTubLen"", ""ProxTubDiam"", ""ProxTubVol"", ""ProxTubSA"", ""ProxTubTotalVol"", ""ProxTubTotSA"", ""GlomTotSA_ProxTubTotVol_ratio"", ""ProxTubTotSA_ProxTotVol_ratio"", ""species_Human"", ""species_Monkey"", ""species_Mouse"", ""species_Rat"", ""sex_F"", ""sex_M"", ""sex_MF"", ""route_intravenous"", ""route_oral"", ""route_other"", ""route_unknown""]",19.0,10134.0,C:\Users\Scott.Coffin\OneDrive - California OEHHA\R_new\AutoQSAR\model_cache\feature_store_parquet,parquet,71.0,17.0,False,C:\Users\Scott.Coffin\OneDrive - California OEHHA\R_new\AutoQSAR\model_cache\benchmark_feature_matrix_cache\b0d0f6de002b3153cf67b1e83556e6bcfd7241c79c55da874b150e467a93ce62.pkl,morgan_ecfp6_fcfp6_layered_atom_pair_topological_torsion_rdk_path_maccs_rdkit_maplight__9d9272112e8cc9d9,5.0,random,rmse,0.159207526142464,0.3953254046168818,0.0054983999871183,0.0046137000026647,0.010112099989783,62.0,26.0,88.0,0.1774500001024884,0.1149102271566252,fitted_estimator_predict,,unavailable,,,,,,,,,,,,,,,,,,,,,,,,,,,,,,,,,,,,,,,,,,,,,,,,,,,,,,,,,,,,,,,,,,,,
,,vdss_pfas_tsca,,,,,AdaBoost,conventional,,62,26,,0.5223531391963453,0.1928079940452051,0.1302465470423276,,0.8645751974838443,0.108731295506922,0.0764312156799752,0.8556404038516827,-1.0296413663123247,0.4824352008641623,0.2899679375382935,0.2277965841419455,60.984,PFAS auxiliary workbook: modeling_datasets_aux_features.xlsx::VDss_pfas_tsca,pfas_aux_workbook,VDss_pfas_tsca,,,,,,0.0,[],88.0,raw,QSAR_READY_SMILES,TARGET_log10,predefined,5802a5fa294be6264f4689976d14b9bcf9b34ba2b002e5a20670e025d6ab4a37,54c1048c6e19a8b5c596e27a222b3ba1e0d3a9d3f11e7289e2068f36ae19d3a2,10134.0,291.0,9843.0,7102.0,0.0,2741.0,0.0,0.0,0.999,,1e-08,0.005,0.995,,11.0,elasticnet_cv,False,0.0432876128108306,0.7,156.0,3.0,random,512.0,False,34.48893784649846,7200.0,4852.725340542198,"[""morgan"", ""ecfp6"", ""fcfp6"", ""layered"", ""atom_pair"", ""topological_torsion"", ""rdk_path"", ""maccs"", ""rdkit"", ""maplight""]","[""morgan"", ""ecfp6"", ""fcfp6"", ""layered"", ""atom_pair"", ""topological_torsion"", ""rdk_path"", ""maccs"", ""rdkit"", ""maplight""]","[""ProxTubLen"", ""ProxTubDiam"", ""ProxTubVol"", ""ProxTubSA"", ""ProxTubTotalVol"", ""ProxTubTotSA"", ""GlomTotSA_ProxTubTotVol_ratio"", ""ProxTubTotSA_ProxTotVol_ratio"", ""species_Human"", ""species_Monkey"", ""species_Mouse"", ""species_Rat"", ""sex_F"", ""sex_M"", ""sex_MF"", ""route_intravenous"", ""route_oral"", ""route_other"", ""route_unknown""]",19.0,10134.0,C:\Users\Scott.Coffin\OneDrive - California OEHHA\R_new\AutoQSAR\model_cache\feature_store_parquet,parquet,71.0,17.0,False,C:\Users\Scott.Coffin\OneDrive - California OEHHA\R_new\AutoQSAR\model_cache\benchmark_feature_matrix_cache\b0d0f6de002b3153cf67b1e83556e6bcfd7241c79c55da874b150e467a93ce62.pkl,morgan_ecfp6_fcfp6_layered_atom_pair_topological_torsion_rdk_path_maccs_rdkit_maplight__9d9272112e8cc9d9,5.0,random,rmse,0.1928079940452051,0.4824352008641623,0.0051660999888554,0.0078183999867178,0.0129844999755732,62.0,26.0,88.0,0.3007076917968404,0.1475511360860599,fitted_estimator_predict,,unavailable,,,,,,,,,,,,,,,,,,,,,,,,,,,,,,,,,,,,,,,,,,,,,,,,,,,,,,,,,,,,,,,,,,,,
,,vdss_pfas_tsca,,,,,Tabular MLP,conventional,,62,26,,-2.4366438276920865,0.4510244227670398,0.2030392471744921,,0.9773465713999984,0.0444705425568919,0.0305666176443111,0.9846929172149508,-0.6126915303279963,0.4300361729532687,0.2400213306490033,0.2991939024788168,64.181,PFAS auxiliary workbook: modeling_datasets_aux_features.xlsx::VDss_pfas_tsca,pfas_aux_workbook,VDss_pfas_tsca,,,,,,0.0,[],88.0,raw,QSAR_READY_SMILES,TARGET_log10,predefined,5802a5fa294be6264f4689976d14b9bcf9b34ba2b002e5a20670e025d6ab4a37,54c1048c6e19a8b5c596e27a222b3ba1e0d3a9d3f11e7289e2068f36ae19d3a2,10134.0,291.0,9843.0,7102.0,0.0,2741.0,0.0,0.0,0.999,,1e-08,0.005,0.995,,11.0,elasticnet_cv,False,0.0432876128108306,0.7,156.0,3.0,random,512.0,False,34.48893784649846,7200.0,4852.725340542198,"[""morgan"", ""ecfp6"", ""fcfp6"", ""layered"", ""atom_pair"", ""topological_torsion"", ""rdk_path"", ""maccs"", ""rdkit"", ""maplight""]","[""morgan"", ""ecfp6"", ""fcfp6"", ""layered"", ""atom_pair"", ""topological_torsion"", ""rdk_path"", ""maccs"", ""rdkit"", ""maplight""]","[""ProxTubLen"", ""ProxTubDiam"", ""ProxTubVol"", ""ProxTubSA"", ""ProxTubTotalVol"", ""ProxTubTotSA"", ""GlomTotSA_ProxTubTotVol_ratio"", ""ProxTubTotSA_ProxTotVol_ratio"", ""species_Human"", ""species_Monkey"", ""species_Mouse"", ""species_Rat"", ""sex_F"", ""sex_M"", ""sex_MF"", ""route_intravenous"", ""route_oral"", ""route_other"", ""route_unknown""]",19.0,10134.0,C:\Users\Scott.Coffin\OneDrive - California OEHHA\R_new\AutoQSAR\model_cache\feature_store_parquet,parquet,71.0,17.0,False,C:\Users\Scott.Coffin\OneDrive - California OEHHA\R_new\AutoQSAR\model_cache\benchmark_feature_matrix_cache\b0d0f6de002b3153cf67b1e83556e6bcfd7241c79c55da874b150e467a93ce62.pkl,morgan_ecfp6_fcfp6_layered_atom_pair_topological_torsion_rdk_path_maccs_rdkit_maplight__9d9272112e8cc9d9,5.0,random,rmse,0.4510244227670398,0.4300361729532687,0.0034630000009201,0.002695200004382,0.0061582000053022,62.0,26.0,88.0,0.1036615386300791,0.0699795455147977,fitted_estimator_predict,137729.0,sklearn_mlp_coefs,,,,,,,,,,,,0.0001,,,,,,,,,,,,,,,,,,,,,,,,,,,,,,,,,,,,,,,,,,,,,,,,,,,,,,,,
,,vdss_pfas_tsca,,,,,Tabular CNN,conventional,,62,26,,-7.551520124475108,0.6820960320094318,0.3387906926423997,,0.8475581911979608,0.1153605993493334,0.0890146083225241,0.9068138292510836,-0.1021236581761242,0.3555040054252121,0.2732550810134204,-0.1677242942125002,92.34,PFAS auxiliary workbook: modeling_datasets_aux_features.xlsx::VDss_pfas_tsca,pfas_aux_workbook,VDss_pfas_tsca,,,,,,0.0,[],88.0,raw,QSAR_READY_SMILES,TARGET_log10,predefined,5802a5fa294be6264f4689976d14b9bcf9b34ba2b002e5a20670e025d6ab4a37,54c1048c6e19a8b5c596e27a222b3ba1e0d3a9d3f11e7289e2068f36ae19d3a2,10134.0,291.0,9843.0,7102.0,0.0,2741.0,0.0,0.0,0.999,,1e-08,0.005,0.995,,11.0,elasticnet_cv,False,0.0432876128108306,0.7,156.0,3.0,random,512.0,False,34.48893784649846,7200.0,4852.725340542198,"[""morgan"", ""ecfp6"", ""fcfp6"", ""layered"", ""atom_pair"", ""topological_torsion"", ""rdk_path"", ""maccs"", ""rdkit"", ""maplight""]","[""morgan"", ""ecfp6"", ""fcfp6"", ""layered"", ""atom_pair"", ""topological_torsion"", ""rdk_path"", ""maccs"", ""rdkit"", ""maplight""]","[""ProxTubLen"", ""ProxTubDiam"", ""ProxTubVol"", ""ProxTubSA"", ""ProxTubTotalVol"", ""ProxTubTotSA"", ""GlomTotSA_ProxTubTotVol_ratio"", ""ProxTubTotSA_ProxTotVol_ratio"", ""species_Human"", ""species_Monkey"", ""species_Mouse"", ""species_Rat"", ""sex_F"", ""sex_M"", ""sex_MF"", ""route_intravenous"", ""route_oral"", ""route_other"", ""route_unknown""]",19.0,10134.0,C:\Users\Scott.Coffin\OneDrive - California OEHHA\R_new\AutoQSAR\model_cache\feature_store_parquet,parquet,71.0,17.0,False,C:\Users\Scott.Coffin\OneDrive - California OEHHA\R_new\AutoQSAR\model_cache\benchmark_feature_matrix_cache\b0d0f6de002b3153cf67b1e83556e6bcfd7241c79c55da874b150e467a93ce62.pkl,morgan_ecfp6_fcfp6_layered_atom_pair_topological_torsion_rdk_path_maccs_rdkit_maplight__9d9272112e8cc9d9,5.0,random,rmse,0.6820960320094318,0.3555040054252121,0.023271600017324,0.0100262000050861,0.0332978000224102,62.0,26.0,88.0,0.3856230771186976,0.3783840911637526,fitted_estimator_predict,29377.0,model_.keras_count_params,,,,,,,,,,,,,,,,,,,,,,,,,,,,,,,,,,,,,,,,,,,,,,,,,,,,,,,,,,,,,,,,,,,,
,,vdss_pfas_tsca,,,,,XGBoost,conventional,,62,26,,0.5964128933700402,0.1764913046977757,0.0824393620905302,,0.9887426730504526,0.0313489570543761,0.0086245970944565,0.9904243523838324,-0.6427261541958098,0.4340221775687909,0.2309982144238143,0.336708827915487,92.725,PFAS auxiliary workbook: modeling_datasets_aux_features.xlsx::VDss_pfas_tsca,pfas_aux_workbook,VDss_pfas_tsca,,,,,,0.0,[],88.0,raw,QSAR_READY_SMILES,TARGET_log10,predefined,5802a5fa294be6264f4689976d14b9bcf9b34ba2b002e5a20670e025d6ab4a37,54c1048c6e19a8b5c596e27a222b3ba1e0d3a9d3f11e7289e2068f36ae19d3a2,10134.0,291.0,9843.0,7102.0,0.0,2741.0,0.0,0.0,0.999,,1e-08,0.005,0.995,,11.0,elasticnet_cv,False,0.0432876128108306,0.7,156.0,3.0,random,512.0,False,34.48893784649846,7200.0,4852.725340542198,"[""morgan"", ""ecfp6"", ""fcfp6"", ""layered"", ""atom_pair"", ""topological_torsion"", ""rdk_path"", ""maccs"", ""rdkit"", ""maplight""]","[""morgan"", ""ecfp6"", ""fcfp6"", ""layered"", ""atom_pair"", ""topological_torsion"", ""rdk_path"", ""maccs"", ""rdkit"", ""maplight""]","[""ProxTubLen"", ""ProxTubDiam"", ""ProxTubVol"", ""ProxTubSA"", ""ProxTubTotalVol"", ""ProxTubTotSA"", ""GlomTotSA_ProxTubTotVol_ratio"", ""ProxTubTotSA_ProxTotVol_ratio"", ""species_Human"", ""species_Monkey"", ""species_Mouse"", ""species_Rat"", ""sex_F"", ""sex_M"", ""sex_MF"", ""route_intravenous"", ""route_oral"", ""route_other"", ""route_unknown""]",19.0,10134.0,C:\Users\Scott.Coffin\OneDrive - California OEHHA\R_new\AutoQSAR\model_cache\feature_store_parquet,parquet,71.0,17.0,False,C:\Users\Scott.Coffin\OneDrive - California OEHHA\R_new\AutoQSAR\model_cache\benchmark_feature_matrix_cache\b0d0f6de002b3153cf67b1e83556e6bcfd7241c79c55da874b150e467a93ce62.pkl,morgan_ecfp6_fcfp6_layered_atom_pair_topological_torsion_rdk_path_maccs_rdkit_maplight__9d9272112e8cc9d9,5.0,random,rmse,0.1764913046977757,0.4340221775687909,0.0027233000146225,0.0015954000118654,0.0043187000264879,62.0,26.0,88.0,0.0613615389179008,0.0490761366646355,fitted_estimator_predict,,unavailable,,,,,,,,,,,,,,,,,,,,,,,,,,,,,,,,,,,,,,,,,,,,,,,,,,,,,,,,,,,,,,,,,,,,
,,vdss_pfas_tsca,,,,,CatBoost,conventional,,62,26,,0.712186264290456,0.1545524214115145,0.0795388151631068,,0.9882685945056044,0.0320022475471848,0.0126895901955476,0.989114000604778,-0.8068754422896167,0.4551907659990344,0.2578739934867969,0.4420774211371127,95.342,PFAS auxiliary workbook: modeling_datasets_aux_features.xlsx::VDss_pfas_tsca,pfas_aux_workbook,VDss_pfas_tsca,,,,,,0.0,[],88.0,raw,QSAR_READY_SMILES,TARGET_log10,predefined,5802a5fa294be6264f4689976d14b9bcf9b34ba2b002e5a20670e025d6ab4a37,54c1048c6e19a8b5c596e27a222b3ba1e0d3a9d3f11e7289e2068f36ae19d3a2,10134.0,291.0,9843.0,7102.0,0.0,2741.0,0.0,0.0,0.999,,1e-08,0.005,0.995,,11.0,elasticnet_cv,False,0.0432876128108306,0.7,156.0,3.0,random,512.0,False,34.48893784649846,7200.0,4852.725340542198,"[""morgan"", ""ecfp6"", ""fcfp6"", ""layered"", ""atom_pair"", ""topological_torsion"", ""rdk_path"", ""maccs"", ""rdkit"", ""maplight""]","[""morgan"", ""ecfp6"", ""fcfp6"", ""layered"", ""atom_pair"", ""topological_torsion"", ""rdk_path"", ""maccs"", ""rdkit"", ""maplight""]","[""ProxTubLen"", ""ProxTubDiam"", ""ProxTubVol"", ""ProxTubSA"", ""ProxTubTotalVol"", ""ProxTubTotSA"", ""GlomTotSA_ProxTubTotVol_ratio"", ""ProxTubTotSA_ProxTotVol_ratio"", ""species_Human"", ""species_Monkey"", ""species_Mouse"", ""species_Rat"", ""sex_F"", ""sex_M"", ""sex_MF"", ""route_intravenous"", ""route_oral"", ""route_other"", ""route_unknown""]",19.0,10134.0,C:\Users\Scott.Coffin\OneDrive - California OEHHA\R_new\AutoQSAR\model_cache\feature_store_parquet,parquet,71.0,17.0,False,C:\Users\Scott.Coffin\OneDrive - California OEHHA\R_new\AutoQSAR\model_cache\benchmark_feature_matrix_cache\b0d0f6de002b3153cf67b1e83556e6bcfd7241c79c55da874b150e467a93ce62.pkl,morgan_ecfp6_fcfp6_layered_atom_pair_topological_torsion_rdk_path_maccs_rdkit_maplight__9d9272112e8cc9d9,5.0,random,rmse,0.1545524214115145,0.4551907659990344,0.0014391999866347,0.001040400005877,0.0024795999925117,62.0,26.0,88.0,0.0400153848414237,0.0281772726421794,fitted_estimator_predict,,unavailable,,,,,,,,,,,,,,,,,,,,,,,,,,,,,,,,,,,,,,,,,,,,,,,,,,,,,,,,,,,,,,,,,,,,
,,vdss_pfas_tsca,,,,,MapLight CatBoost (Strict Parity),conventional,,62,26,,,,,,0.773710536164515,0.1405521922345367,0.1055070097230742,0.8409733871112238,-0.5097503631929075,0.4160848538724131,0.227464437607558,-0.0100577619457285,132.534,PFAS auxiliary workbook: modeling_datasets_aux_features.xlsx::VDss_pfas_tsca,pfas_aux_workbook,VDss_pfas_tsca,,,,,,0.0,[],88.0,raw,QSAR_READY_SMILES,TARGET_log10,predefined,5802a5fa294be6264f4689976d14b9bcf9b34ba2b002e5a20670e025d6ab4a37,54c1048c6e19a8b5c596e27a222b3ba1e0d3a9d3f11e7289e2068f36ae19d3a2,10134.0,291.0,9843.0,7102.0,0.0,2741.0,0.0,0.0,0.999,,1e-08,0.005,0.995,,11.0,elasticnet_cv,False,0.0432876128108306,0.7,156.0,3.0,random,512.0,False,34.48893784649846,7200.0,4852.725340542198,"[""morgan"", ""ecfp6"", ""fcfp6"", ""layered"", ""atom_pair"", ""topological_torsion"", ""rdk_path"", ""maccs"", ""rdkit"", ""maplight""]","[""morgan"", ""ecfp6"", ""fcfp6"", ""layered"", ""atom_pair"", ""topological_torsion"", ""rdk_path"", ""maccs"", ""rdkit"", ""maplight""]","[""ProxTubLen"", ""ProxTubDiam"", ""ProxTubVol"", ""ProxTubSA"", ""ProxTubTotalVol"", ""ProxTubTotSA"", ""GlomTotSA_ProxTubTotVol_ratio"", ""ProxTubTotSA_ProxTotVol_ratio"", ""species_Human"", ""species_Monkey"", ""species_Mouse"", ""species_Rat"", ""sex_F"", ""sex_M"", ""sex_MF"", ""route_intravenous"", ""route_oral"", ""route_other"", ""route_unknown""]",19.0,10134.0,C:\Users\Scott.Coffin\OneDrive - California OEHHA\R_new\AutoQSAR\model_cache\feature_store_parquet,parquet,71.0,17.0,False,C:\Users\Scott.Coffin\OneDrive - California OEHHA\R_new\AutoQSAR\model_cache\benchmark_feature_matrix_cache\b0d0f6de002b3153cf67b1e83556e6bcfd7241c79c55da874b150e467a93ce62.pkl,morgan_ecfp6_fcfp6_layered_atom_pair_topological_torsion_rdk_path_maccs_rdkit_maplight__9d9272112e8cc9d9,5.0,seed_ensemble_no_cv,mae,,0.227464437607558,,,,,,,,,,,,,,,,,,,,,,,,,,,strict,5.0,"1,2,3,4,5",MAE,StandardScaler,direct_maplight_classic_from_smiles_no_dedup,,,,,,,,,,,,,,,,,,,,,,,,,,,,,,,,,,,,,,,,,,,,,,,
,,vdss_pfas_tsca,,,,,TabPFNRegressor,conventional,,62,26,,0.7038438442530663,0.1552463986460216,0.0931361197192411,,0.9710690435393484,0.050255876632671,0.0276746727014481,0.9806975103316198,-0.4967486455144474,0.414289353282665,0.2243040468364206,0.2790461540217033,155.954,PFAS auxiliary workbook: modeling_datasets_aux_features.xlsx::VDss_pfas_tsca,pfas_aux_workbook,VDss_pfas_tsca,,,,,,0.0,[],88.0,raw,QSAR_READY_SMILES,TARGET_log10,predefined,5802a5fa294be6264f4689976d14b9bcf9b34ba2b002e5a20670e025d6ab4a37,54c1048c6e19a8b5c596e27a222b3ba1e0d3a9d3f11e7289e2068f36ae19d3a2,10134.0,291.0,9843.0,7102.0,0.0,2741.0,0.0,0.0,0.999,,1e-08,0.005,0.995,,11.0,elasticnet_cv,False,0.0432876128108306,0.7,156.0,3.0,random,512.0,False,34.48893784649846,7200.0,4852.725340542198,"[""morgan"", ""ecfp6"", ""fcfp6"", ""layered"", ""atom_pair"", ""topological_torsion"", ""rdk_path"", ""maccs"", ""rdkit"", ""maplight""]","[""morgan"", ""ecfp6"", ""fcfp6"", ""layered"", ""atom_pair"", ""topological_torsion"", ""rdk_path"", ""maccs"", ""rdkit"", ""maplight""]","[""ProxTubLen"", ""ProxTubDiam"", ""ProxTubVol"", ""ProxTubSA"", ""ProxTubTotalVol"", ""ProxTubTotSA"", ""GlomTotSA_ProxTubTotVol_ratio"", ""ProxTubTotSA_ProxTotVol_ratio"", ""species_Human"", ""species_Monkey"", ""species_Mouse"", ""species_Rat"", ""sex_F"", ""sex_M"", ""sex_MF"", ""route_intravenous"", ""route_oral"", ""route_other"", ""route_unknown""]",19.0,10134.0,C:\Users\Scott.Coffin\OneDrive - California OEHHA\R_new\AutoQSAR\model_cache\feature_store_parquet,parquet,71.0,17.0,False,C:\Users\Scott.Coffin\OneDrive - California OEHHA\R_new\AutoQSAR\model_cache\benchmark_feature_matrix_cache\b0d0f6de002b3153cf67b1e83556e6bcfd7241c79c55da874b150e467a93ce62.pkl,morgan_ecfp6_fcfp6_layered_atom_pair_topological_torsion_rdk_path_maccs_rdkit_maplight__9d9272112e8cc9d9,5.0,random,rmse,0.1552463986460216,0.414289353282665,2.013473999977577,1.8878024000150613,3.901276399992639,62.0,26.0,88.0,72.60778461596391,44.33268636355272,fitted_estimator_predict,,unavailable,,,,,,,,,,,,,,,,,,,,,,,,,,,,,,,,,,,,,,,,,,,,,,,,,,,,,,,,,,,,,,,,,,,,
,,vdss_pfas_tsca,,,,,ChemML MLP (PyTorch),ChemML deep learning,,62,26,,,,,,,,,,,,,,155.988,PFAS auxiliary workbook: modeling_datasets_aux_features.xlsx::VDss_pfas_tsca,pfas_aux_workbook,VDss_pfas_tsca,,,,,,0.0,[],88.0,raw,QSAR_READY_SMILES,TARGET_log10,predefined,5802a5fa294be6264f4689976d14b9bcf9b34ba2b002e5a20670e025d6ab4a37,54c1048c6e19a8b5c596e27a222b3ba1e0d3a9d3f11e7289e2068f36ae19d3a2,10134.0,291.0,9843.0,7102.0,0.0,2741.0,0.0,0.0,0.999,,1e-08,0.005,0.995,,11.0,elasticnet_cv,False,0.0432876128108306,0.7,156.0,3.0,random,512.0,False,34.48893784649846,7200.0,4852.725340542198,"[""morgan"", ""ecfp6"", ""fcfp6"", ""layered"", ""atom_pair"", ""topological_torsion"", ""rdk_path"", ""maccs"", ""rdkit"", ""maplight""]","[""morgan"", ""ecfp6"", ""fcfp6"", ""layered"", ""atom_pair"", ""topological_torsion"", ""rdk_path"", ""maccs"", ""rdkit"", ""maplight""]","[""ProxTubLen"", ""ProxTubDiam"", ""ProxTubVol"", ""ProxTubSA"", ""ProxTubTotalVol"", ""ProxTubTotSA"", ""GlomTotSA_ProxTubTotVol_ratio"", ""ProxTubTotSA_ProxTotVol_ratio"", ""species_Human"", ""species_Monkey"", ""species_Mouse"", ""species_Rat"", ""sex_F"", ""sex_M"", ""sex_MF"", ""route_intravenous"", ""route_oral"", ""route_other"", ""route_unknown""]",19.0,10134.0,C:\Users\Scott.Coffin\OneDrive - California OEHHA\R_new\AutoQSAR\model_cache\feature_store_parquet,parquet,71.0,17.0,False,C:\Users\Scott.Coffin\OneDrive - California OEHHA\R_new\AutoQSAR\model_cache\benchmark_feature_matrix_cache\b0d0f6de002b3153cf67b1e83556e6bcfd7241c79c55da874b150e467a93ce62.pkl,morgan_ecfp6_fcfp6_layered_atom_pair_topological_torsion_rdk_path_maccs_rdkit_maplight__9d9272112e8cc9d9,,,,,,,,,,,,,,,,,,,,,,,,,,,,,,,,,,,,,,No module named 'chemml',,,,,,,,,,,,,,,,,,,,,,,,,,,,,,,,,,,,,,,,,,,,,,
,,vdss_pfas_tsca,,,,,"Chemprop v2 (AttentiveFP, ensemble=1)",Chemprop v2,,62,26,,,,,,0.6762721426005829,0.1681107530366341,0.1295135291637262,0.7402410202029204,-0.4829505311987747,0.4123753220058886,0.2281930768241004,-0.0049323307154422,231.384,PFAS auxiliary workbook: modeling_datasets_aux_features.xlsx::VDss_pfas_tsca,pfas_aux_workbook,VDss_pfas_tsca,,,,,,0.0,[],88.0,raw,QSAR_READY_SMILES,TARGET_log10,predefined,5802a5fa294be6264f4689976d14b9bcf9b34ba2b002e5a20670e025d6ab4a37,54c1048c6e19a8b5c596e27a222b3ba1e0d3a9d3f11e7289e2068f36ae19d3a2,10134.0,291.0,9843.0,7102.0,0.0,2741.0,0.0,0.0,0.999,,1e-08,0.005,0.995,,11.0,elasticnet_cv,False,0.0432876128108306,0.7,156.0,3.0,random,512.0,False,34.48893784649846,7200.0,4852.725340542198,"[""morgan"", ""ecfp6"", ""fcfp6"", ""layered"", ""atom_pair"", ""topological_torsion"", ""rdk_path"", ""maccs"", ""rdkit"", ""maplight""]","[""morgan"", ""ecfp6"", ""fcfp6"", ""layered"", ""atom_pair"", ""topological_torsion"", ""rdk_path"", ""maccs"", ""rdkit"", ""maplight""]","[""ProxTubLen"", ""ProxTubDiam"", ""ProxTubVol"", ""ProxTubSA"", ""ProxTubTotalVol"", ""ProxTubTotSA"", ""GlomTotSA_ProxTubTotVol_ratio"", ""ProxTubTotSA_ProxTotVol_ratio"", ""species_Human"", ""species_Monkey"", ""species_Mouse"", ""species_Rat"", ""sex_F"", ""sex_M"", ""sex_MF"", ""route_intravenous"", ""route_oral"", ""route_other"", ""route_unknown""]",19.0,10134.0,C:\Users\Scott.Coffin\OneDrive - California OEHHA\R_new\AutoQSAR\model_cache\feature_store_parquet,parquet,71.0,17.0,False,C:\Users\Scott.Coffin\OneDrive - California OEHHA\R_new\AutoQSAR\model_cache\benchmark_feature_matrix_cache\b0d0f6de002b3153cf67b1e83556e6bcfd7241c79c55da874b150e467a93ce62.pkl,morgan_ecfp6_fcfp6_layered_atom_pair_topological_torsion_rdk_path_maccs_rdkit_maplight__9d9272112e8cc9d9,,,rmse,,0.4123753220058886,10.535960900015198,9.462346999993317,19.99830790000852,62.0,26.0,88.0,363.936423076666,227.2534988637331,chemprop_predict_cli_after_train,383840.0,chemprop_checkpoint:model_0\checkpoints\best-epoch=7-val_loss=0.08.ckpt,,,,,,,,,,,,,,,,,,,,,,,CPU,benchmark_results\pfas_aux_qsar_full\vdss_pfas_tsca\chemprop_v2\attentivefp_attentivefp_ensemble_1_seed_42,15.0,32.0,0.0,1.0,42.0,RANDOM,attentivefp,attentivefp,--atom-messages --aggregation norm --aggregation-norm 100 --dropout 0.1,rdkit_2d,False,False,0.0,,,,,,,,,,,,,,,,,,,,,,,,,,,,,,,
,,vdss_pfas_tsca,,,,,"Chemprop v2 (AttentiveFP + Selected descriptors, ensemble=1)",Chemprop v2,,62,26,,,,,,0.6877099756502607,0.1651142335367086,0.1229560211622568,0.8355948652199758,-0.1981950651693949,0.3706748316719616,0.2036692678707393,0.293895816726563,313.496,PFAS auxiliary workbook: modeling_datasets_aux_features.xlsx::VDss_pfas_tsca,pfas_aux_workbook,VDss_pfas_tsca,,,,,,0.0,[],88.0,raw,QSAR_READY_SMILES,TARGET_log10,predefined,5802a5fa294be6264f4689976d14b9bcf9b34ba2b002e5a20670e025d6ab4a37,54c1048c6e19a8b5c596e27a222b3ba1e0d3a9d3f11e7289e2068f36ae19d3a2,10134.0,291.0,9843.0,7102.0,0.0,2741.0,0.0,0.0,0.999,,1e-08,0.005,0.995,,11.0,elasticnet_cv,False,0.0432876128108306,0.7,156.0,3.0,random,512.0,False,34.48893784649846,7200.0,4852.725340542198,"[""morgan"", ""ecfp6"", ""fcfp6"", ""layered"", ""atom_pair"", ""topological_torsion"", ""rdk_path"", ""maccs"", ""rdkit"", ""maplight""]","[""morgan"", ""ecfp6"", ""fcfp6"", ""layered"", ""atom_pair"", ""topological_torsion"", ""rdk_path"", ""maccs"", ""rdkit"", ""maplight""]","[""ProxTubLen"", ""ProxTubDiam"", ""ProxTubVol"", ""ProxTubSA"", ""ProxTubTotalVol"", ""ProxTubTotSA"", ""GlomTotSA_ProxTubTotVol_ratio"", ""ProxTubTotSA_ProxTotVol_ratio"", ""species_Human"", ""species_Monkey"", ""species_Mouse"", ""species_Rat"", ""sex_F"", ""sex_M"", ""sex_MF"", ""route_intravenous"", ""route_oral"", ""route_other"", ""route_unknown""]",19.0,10134.0,C:\Users\Scott.Coffin\OneDrive - California OEHHA\R_new\AutoQSAR\model_cache\feature_store_parquet,parquet,71.0,17.0,False,C:\Users\Scott.Coffin\OneDrive - California OEHHA\R_new\AutoQSAR\model_cache\benchmark_feature_matrix_cache\b0d0f6de002b3153cf67b1e83556e6bcfd7241c79c55da874b150e467a93ce62.pkl,morgan_ecfp6_fcfp6_layered_atom_pair_topological_torsion_rdk_path_maccs_rdkit_maplight__9d9272112e8cc9d9,,,rmse,,0.3706748316719616,12.317065799987176,14.458883499988588,26.775949299975764,62.0,26.0,88.0,556.1109038457149,304.27215113608827,chemprop_predict_cli_after_train,321628.0,chemprop_checkpoint:model_0\checkpoints\best-epoch=11-val_loss=0.12.ckpt,,,,,,,,,,,,,,,,,,,,,,,CPU,benchmark_results\pfas_aux_qsar_full\vdss_pfas_tsca\chemprop_v2\attentivefp_attentivefp_selected_features_ensemble_1_seed_42,15.0,32.0,0.0,1.0,42.0,RANDOM,attentivefp,attentivefp_selected_features,--atom-messages --aggregation norm --aggregation-norm 100 --dropout 0.1,,False,True,11.0,22a08ea9dd5c998f6d85149d93bfed3f63ae8348f5f6da784699543a7f66fc40,,,,,,,,,,,,,,,,,,,,,,,,,,,,,,
,,vdss_pfas_tsca,,,,,"MapLight + GNN (CatBoost, Strict Parity)",MapLight + GNN,,62,26,,,,,,0.7368608542535795,0.1515647429649172,0.1055070113524534,0.8409733871112238,-0.7492725463565129,0.4478762938965763,0.2418479953124891,-0.0100577619457285,399.016,PFAS auxiliary workbook: modeling_datasets_aux_features.xlsx::VDss_pfas_tsca,pfas_aux_workbook,VDss_pfas_tsca,,,,,,0.0,[],88.0,raw,QSAR_READY_SMILES,TARGET_log10,predefined,5802a5fa294be6264f4689976d14b9bcf9b34ba2b002e5a20670e025d6ab4a37,54c1048c6e19a8b5c596e27a222b3ba1e0d3a9d3f11e7289e2068f36ae19d3a2,10134.0,291.0,9843.0,7102.0,0.0,2741.0,0.0,0.0,0.999,,1e-08,0.005,0.995,,11.0,elasticnet_cv,False,0.0432876128108306,0.7,156.0,3.0,random,512.0,False,34.48893784649846,7200.0,4852.725340542198,"[""morgan"", ""ecfp6"", ""fcfp6"", ""layered"", ""atom_pair"", ""topological_torsion"", ""rdk_path"", ""maccs"", ""rdkit"", ""maplight""]","[""morgan"", ""ecfp6"", ""fcfp6"", ""layered"", ""atom_pair"", ""topological_torsion"", ""rdk_path"", ""maccs"", ""rdkit"", ""maplight""]","[""ProxTubLen"", ""ProxTubDiam"", ""ProxTubVol"", ""ProxTubSA"", ""ProxTubTotalVol"", ""ProxTubTotSA"", ""GlomTotSA_ProxTubTotVol_ratio"", ""ProxTubTotSA_ProxTotVol_ratio"", ""species_Human"", ""species_Monkey"", ""species_Mouse"", ""species_Rat"", ""sex_F"", ""sex_M"", ""sex_MF"", ""route_intravenous"", ""route_oral"", ""route_other"", ""route_unknown""]",19.0,10134.0,C:\Users\Scott.Coffin\OneDrive - California OEHHA\R_new\AutoQSAR\model_cache\feature_store_parquet,parquet,71.0,17.0,False,C:\Users\Scott.Coffin\OneDrive - California OEHHA\R_new\AutoQSAR\model_cache\benchmark_feature_matrix_cache\b0d0f6de002b3153cf67b1e83556e6bcfd7241c79c55da874b150e467a93ce62.pkl,morgan_ecfp6_fcfp6_layered_atom_pair_topological_torsion_rdk_path_maccs_rdkit_maplight__9d9272112e8cc9d9,5.0,seed_ensemble_no_cv,mae,,0.2418479953124891,,,,,,,,,,,,,,,,,,,,,,,,,,,strict,5.0,"1,2,3,4,5",MAE,StandardScaler,direct_maplight_classic_plus_gnn_no_dedup,,,,,,,,,,,,,,,,,,dgllife-direct,gin_supervised_masking,,,,,,,,,,,,,,,,,,,,,,,,,,,,
,,vdss_pfas_tsca,,,,,CFA (Combinatorial Fusion),cfa,,62,26,,,,,,0.8934899509163757,0.0964274649672276,0.0763582221758783,0.9224372543090416,-0.4078444379767327,0.4017969820794446,0.2079533675956335,0.1939250639880226,399.139,PFAS auxiliary workbook: modeling_datasets_aux_features.xlsx::VDss_pfas_tsca,pfas_aux_workbook,VDss_pfas_tsca,,,,,,0.0,[],88.0,raw,QSAR_READY_SMILES,TARGET_log10,predefined,5802a5fa294be6264f4689976d14b9bcf9b34ba2b002e5a20670e025d6ab4a37,54c1048c6e19a8b5c596e27a222b3ba1e0d3a9d3f11e7289e2068f36ae19d3a2,10134.0,291.0,9843.0,7102.0,0.0,2741.0,0.0,0.0,0.999,,1e-08,0.005,0.995,,11.0,elasticnet_cv,False,0.0432876128108306,0.7,156.0,3.0,random,512.0,False,34.48893784649846,7200.0,4852.725340542198,"[""morgan"", ""ecfp6"", ""fcfp6"", ""layered"", ""atom_pair"", ""topological_torsion"", ""rdk_path"", ""maccs"", ""rdkit"", ""maplight""]","[""morgan"", ""ecfp6"", ""fcfp6"", ""layered"", ""atom_pair"", ""topological_torsion"", ""rdk_path"", ""maccs"", ""rdkit"", ""maplight""]","[""ProxTubLen"", ""ProxTubDiam"", ""ProxTubVol"", ""ProxTubSA"", ""ProxTubTotalVol"", ""ProxTubTotSA"", ""GlomTotSA_ProxTubTotVol_ratio"", ""ProxTubTotSA_ProxTotVol_ratio"", ""species_Human"", ""species_Monkey"", ""species_Mouse"", ""species_Rat"", ""sex_F"", ""sex_M"", ""sex_MF"", ""route_intravenous"", ""route_oral"", ""route_other"", ""route_unknown""]",19.0,10134.0,C:\Users\Scott.Coffin\OneDrive - California OEHHA\R_new\AutoQSAR\model_cache\feature_store_parquet,parquet,71.0,17.0,False,C:\Users\Scott.Coffin\OneDrive - California OEHHA\R_new\AutoQSAR\model_cache\benchmark_feature_matrix_cache\b0d0f6de002b3153cf67b1e83556e6bcfd7241c79c55da874b150e467a93ce62.pkl,morgan_ecfp6_fcfp6_layered_atom_pair_topological_torsion_rdk_path_maccs_rdkit_maplight__9d9272112e8cc9d9,,,rmse,,0.4017969820794446,,,,,,,,,,,,,,,,,,,,,,,,,,,,,,,,,,,,,,,,,,,,,,,,,,,,score_wcds,score,mae,0.0763582221758783,0.0763582221758783,0.0050074307807363,"MapLight + GNN (CatBoost, Strict Parity); SVR","{""MapLight + GNN (CatBoost, Strict Parity)"": 0.3627086046260858, ""SVR"": 0.6372913953739142}",24.0,3.0,True,"Conventional ML: SVR (mae=0.2054); Chemprop v2: Chemprop v2 (AttentiveFP + Selected descriptors, ensemble=1) (mae=0.2037); MapLight + GNN: MapLight + GNN (CatBoost, Strict Parity) (mae=0.2418)",3.0,3.0,250000.0,4.0,24.0,,,,,,,,,,,
,,vdss_pfas_tsca,,,,,ChemML MLP (PyTorch),ChemML deep learning,,62,26,,,,,,,,,,,,,,6.132,PFAS auxiliary workbook: modeling_datasets_aux_features.xlsx::VDss_pfas_tsca,pfas_aux_workbook,VDss_pfas_tsca,,,,,,0.0,[],88.0,raw,QSAR_READY_SMILES,TARGET_log10,predefined,5802a5fa294be6264f4689976d14b9bcf9b34ba2b002e5a20670e025d6ab4a37,54c1048c6e19a8b5c596e27a222b3ba1e0d3a9d3f11e7289e2068f36ae19d3a2,10134.0,291.0,9843.0,7102.0,0.0,2741.0,0.0,0.0,0.999,,1e-08,0.005,0.995,,7.0,elasticnet_cv,False,0.0432876128108306,0.7,156.0,3.0,random,7.0,False,34.48893784649846,7200.0,4852.725340542198,"[""morgan"", ""ecfp6"", ""fcfp6"", ""layered"", ""atom_pair"", ""topological_torsion"", ""rdk_path"", ""maccs"", ""rdkit"", ""maplight""]","[""morgan"", ""ecfp6"", ""fcfp6"", ""layered"", ""atom_pair"", ""topological_torsion"", ""rdk_path"", ""maccs"", ""rdkit"", ""maplight""]","[""ProxTubLen"", ""ProxTubDiam"", ""ProxTubVol"", ""ProxTubSA"", ""ProxTubTotalVol"", ""ProxTubTotSA"", ""GlomTotSA_ProxTubTotVol_ratio"", ""ProxTubTotSA_ProxTotVol_ratio"", ""species_Human"", ""species_Monkey"", ""species_Mouse"", ""species_Rat"", ""sex_F"", ""sex_M"", ""sex_MF"", ""route_intravenous"", ""route_oral"", ""route_other"", ""route_unknown""]",19.0,10134.0,C:\Users\Scott.Coffin\OneDrive - California OEHHA\R_new\AutoQSAR\model_cache\feature_store_parquet,parquet,71.0,17.0,True,C:\Users\Scott.Coffin\OneDrive - California OEHHA\R_new\AutoQSAR\model_cache\benchmark_feature_matrix_cache\b0d0f6de002b3153cf67b1e83556e6bcfd7241c79c55da874b150e467a93ce62.pkl,morgan_ecfp6_fcfp6_layered_atom_pair_topological_torsion_rdk_path_maccs_rdkit_maplight__9d9272112e8cc9d9,,,,,,,,,,,,,,,,,,,,,,,,,,,,,,,,,,,,,,partially initialized module 'torch' from 'C:\Users\Scott.Coffin\AppData\Local\miniconda3\Lib\site-packages\torch\__init__.py' has no attribute '_logging' (most likely due to a circular import),,,,,,,,,,,,,,,,,,,,,,,,,,,,,,,,,,,,,,,,,,,,,,
,,vdss_pfas_tsca,,,,,ChemML MLP (PyTorch),ChemML deep learning,,62,26,,,,,,,,,,,,,,6.881,PFAS auxiliary workbook: modeling_datasets_aux_features.xlsx::VDss_pfas_tsca,pfas_aux_workbook,VDss_pfas_tsca,,,,,,0.0,[],88.0,raw,QSAR_READY_SMILES,TARGET_log10,predefined,5802a5fa294be6264f4689976d14b9bcf9b34ba2b002e5a20670e025d6ab4a37,54c1048c6e19a8b5c596e27a222b3ba1e0d3a9d3f11e7289e2068f36ae19d3a2,10134.0,291.0,9843.0,7102.0,0.0,2741.0,0.0,0.0,0.999,,1e-08,0.005,0.995,,7.0,elasticnet_cv,False,0.0432876128108306,0.7,156.0,3.0,random,7.0,False,34.48893784649846,7200.0,4852.725340542198,"[""morgan"", ""ecfp6"", ""fcfp6"", ""layered"", ""atom_pair"", ""topological_torsion"", ""rdk_path"", ""maccs"", ""rdkit"", ""maplight""]","[""morgan"", ""ecfp6"", ""fcfp6"", ""layered"", ""atom_pair"", ""topological_torsion"", ""rdk_path"", ""maccs"", ""rdkit"", ""maplight""]","[""ProxTubLen"", ""ProxTubDiam"", ""ProxTubVol"", ""ProxTubSA"", ""ProxTubTotalVol"", ""ProxTubTotSA"", ""GlomTotSA_ProxTubTotVol_ratio"", ""ProxTubTotSA_ProxTotVol_ratio"", ""species_Human"", ""species_Monkey"", ""species_Mouse"", ""species_Rat"", ""sex_F"", ""sex_M"", ""sex_MF"", ""route_intravenous"", ""route_oral"", ""route_other"", ""route_unknown""]",19.0,10134.0,C:\Users\Scott.Coffin\OneDrive - California OEHHA\R_new\AutoQSAR\model_cache\feature_store_parquet,parquet,71.0,17.0,True,C:\Users\Scott.Coffin\OneDrive - California OEHHA\R_new\AutoQSAR\model_cache\benchmark_feature_matrix_cache\b0d0f6de002b3153cf67b1e83556e6bcfd7241c79c55da874b150e467a93ce62.pkl,morgan_ecfp6_fcfp6_layered_atom_pair_topological_torsion_rdk_path_maccs_rdkit_maplight__9d9272112e8cc9d9,,,,,,,,,,,,,,,,,,,,,,,,,,,,,,,,,,,,,,No module named 'chemml',,,,,,,,,,,,,,,,,,,,,,,,,,,,,,,,,,,,,,,,,,,,,,
,,vdss_pfas_tsca,,,,,ChemML MLP (PyTorch),ChemML deep learning,,62,26,,,,,,,,,,,,,,1.541,PFAS auxiliary workbook: modeling_datasets_aux_features.xlsx::VDss_pfas_tsca,pfas_aux_workbook,VDss_pfas_tsca,,,,,,0.0,[],88.0,raw,QSAR_READY_SMILES,TARGET_log10,predefined,5802a5fa294be6264f4689976d14b9bcf9b34ba2b002e5a20670e025d6ab4a37,54c1048c6e19a8b5c596e27a222b3ba1e0d3a9d3f11e7289e2068f36ae19d3a2,10134.0,291.0,9843.0,7102.0,0.0,2741.0,0.0,0.0,0.999,,1e-08,0.005,0.995,,7.0,elasticnet_cv,False,0.0432876128108306,0.7,156.0,3.0,random,7.0,False,34.48893784649846,7200.0,4852.725340542198,"[""morgan"", ""ecfp6"", ""fcfp6"", ""layered"", ""atom_pair"", ""topological_torsion"", ""rdk_path"", ""maccs"", ""rdkit"", ""maplight""]","[""morgan"", ""ecfp6"", ""fcfp6"", ""layered"", ""atom_pair"", ""topological_torsion"", ""rdk_path"", ""maccs"", ""rdkit"", ""maplight""]","[""ProxTubLen"", ""ProxTubDiam"", ""ProxTubVol"", ""ProxTubSA"", ""ProxTubTotalVol"", ""ProxTubTotSA"", ""GlomTotSA_ProxTubTotVol_ratio"", ""ProxTubTotSA_ProxTotVol_ratio"", ""species_Human"", ""species_Monkey"", ""species_Mouse"", ""species_Rat"", ""sex_F"", ""sex_M"", ""sex_MF"", ""route_intravenous"", ""route_oral"", ""route_other"", ""route_unknown""]",19.0,10134.0,C:\Users\Scott.Coffin\OneDrive - California OEHHA\R_new\AutoQSAR\model_cache\feature_store_parquet,parquet,71.0,17.0,True,C:\Users\Scott.Coffin\OneDrive - California OEHHA\R_new\AutoQSAR\model_cache\benchmark_feature_matrix_cache\b0d0f6de002b3153cf67b1e83556e6bcfd7241c79c55da874b150e467a93ce62.pkl,morgan_ecfp6_fcfp6_layered_atom_pair_topological_torsion_rdk_path_maccs_rdkit_maplight__9d9272112e8cc9d9,,,,,,,,,,,,,,,,,,,,,,,,,,,,,,,,,,,,,,No module named 'chemml',,,,,,,,,,,,,,,,,,,,,,,,,,,,,,,,,,,,,,,,,,,,,,
,,vdss_pfas_tsca,,,,,ChemML MLP (PyTorch),ChemML deep learning,,62,26,,0.7389246223811625,0.15096922114696482,0.10290132481004832,,0.9180748288609488,0.08456957259913273,0.06433541298062985,0.9114568138479596,-0.420297616795265,0.4035701301541611,0.22096956291501163,0.2886095449264386,2.402,PFAS auxiliary workbook: modeling_datasets_aux_features.xlsx::VDss_pfas_tsca,pfas_aux_workbook,VDss_pfas_tsca,,,,,,0.0,[],88.0,raw,QSAR_READY_SMILES,TARGET_log10,predefined,5802a5fa294be6264f4689976d14b9bcf9b34ba2b002e5a20670e025d6ab4a37,54c1048c6e19a8b5c596e27a222b3ba1e0d3a9d3f11e7289e2068f36ae19d3a2,10134.0,291.0,9843.0,7102.0,0.0,2741.0,0.0,0.0,0.999,,1e-08,0.005,0.995,,7.0,elasticnet_cv,False,0.043287612810830614,0.7,156.0,3.0,random,7.0,False,34.48893784649846,7200.0,4852.725340542198,"[""morgan"", ""ecfp6"", ""fcfp6"", ""layered"", ""atom_pair"", ""topological_torsion"", ""rdk_path"", ""maccs"", ""rdkit"", ""maplight""]","[""morgan"", ""ecfp6"", ""fcfp6"", ""layered"", ""atom_pair"", ""topological_torsion"", ""rdk_path"", ""maccs"", ""rdkit"", ""maplight""]","[""ProxTubLen"", ""ProxTubDiam"", ""ProxTubVol"", ""ProxTubSA"", ""ProxTubTotalVol"", ""ProxTubTotSA"", ""GlomTotSA_ProxTubTotVol_ratio"", ""ProxTubTotSA_ProxTotVol_ratio"", ""species_Human"", ""species_Monkey"", ""species_Mouse"", ""species_Rat"", ""sex_F"", ""sex_M"", ""sex_MF"", ""route_intravenous"", ""route_oral"", ""route_other"", ""route_unknown""]",19.0,10134.0,C:\Users\scott\AutoQSAR\model_cache\feature_store_parquet,parquet,71.0,17.0,False,C:\Users\scott\AutoQSAR\model_cache\benchmark_feature_matrix_cache\b0d0f6de002b3153cf67b1e83556e6bcfd7241c79c55da874b150e467a93ce62.pkl,morgan_ecfp6_fcfp6_layered_atom_pair_topological_torsion_rdk_path_maccs_rdkit_maplight__9d9272112e8cc9d9,5.0,random,rmse,0.15096922114696482,0.4035701301541611,0.0009152998682111502,0.0007366000209003687,0.0016518998891115189,62.0,26.0,88.0,0.028330770034629565,0.01877158964899453,chemml_mlp_predict,68097.0,chemml_mlp_architecture,,,,,,,,,,,,,,,,,,,,,,,,,,,,,,,,,,,,,,,,,,,,,,,,,,,,,,,,,,,,,,,,,,,,
,,vdss_pfas_tsca,,,,,Uni-Mol V1,Uni-Mol,,62,26,,,,,,0.7508258055051948,0.14748810261241846,0.11690861404226388,0.8390283687879757,-0.48208524498020733,0.41225499609437866,0.22671127279112463,-0.10304337433172579,2.7,PFAS auxiliary workbook: modeling_datasets_aux_features.xlsx::VDss_pfas_tsca,pfas_aux_workbook,VDss_pfas_tsca,,,,,,0.0,[],88.0,raw,QSAR_READY_SMILES,TARGET_log10,predefined,5802a5fa294be6264f4689976d14b9bcf9b34ba2b002e5a20670e025d6ab4a37,54c1048c6e19a8b5c596e27a222b3ba1e0d3a9d3f11e7289e2068f36ae19d3a2,10134.0,291.0,9843.0,7102.0,0.0,2741.0,0.0,0.0,0.999,,1e-08,0.005,0.995,,7.0,elasticnet_cv,False,0.043287612810830614,0.7,156.0,3.0,random,7.0,False,34.48893784649846,7200.0,4852.725340542198,"[""morgan"", ""ecfp6"", ""fcfp6"", ""layered"", ""atom_pair"", ""topological_torsion"", ""rdk_path"", ""maccs"", ""rdkit"", ""maplight""]","[""morgan"", ""ecfp6"", ""fcfp6"", ""layered"", ""atom_pair"", ""topological_torsion"", ""rdk_path"", ""maccs"", ""rdkit"", ""maplight""]","[""ProxTubLen"", ""ProxTubDiam"", ""ProxTubVol"", ""ProxTubSA"", ""ProxTubTotalVol"", ""ProxTubTotSA"", ""GlomTotSA_ProxTubTotVol_ratio"", ""ProxTubTotSA_ProxTotVol_ratio"", ""species_Human"", ""species_Monkey"", ""species_Mouse"", ""species_Rat"", ""sex_F"", ""sex_M"", ""sex_MF"", ""route_intravenous"", ""route_oral"", ""route_other"", ""route_unknown""]",19.0,10134.0,C:\Users\scott\AutoQSAR\model_cache\feature_store_parquet,parquet,71.0,17.0,False,C:\Users\scott\AutoQSAR\model_cache\benchmark_feature_matrix_cache\b0d0f6de002b3153cf67b1e83556e6bcfd7241c79c55da874b150e467a93ce62.pkl,morgan_ecfp6_fcfp6_layered_atom_pair_topological_torsion_rdk_path_maccs_rdkit_maplight__9d9272112e8cc9d9,,,rmse,,0.41225499609437866,,,,62.0,26.0,88.0,,,cached_predictions_no_timing,47331139.0,unimol_checkpoint:model_0.pth,,,,,,,,,,,,,,,,,,,,,,,GPU,,,,,,,,,,,,,,,,,,,,,,,,,,,,,,,,,,,,,,,benchmark_results\pfas_aux_qsar_full\vdss_pfas_tsca\unimol_v1\seed_13,random,10.0,0.0001,16.0,5.0,0.0
,,vdss_pfas_tsca,,,,,"Ensemble (OOF Stacking (RidgeCV, 5-fold))",ensemble,,62,26,,,,,,0.9129300397413372,0.08718457005938651,0.06698739074104729,0.9073572951967153,-0.42330146422913684,0.403996668506342,0.22024209966641226,0.24428873411315405,2.787,PFAS auxiliary workbook: modeling_datasets_aux_features.xlsx::VDss_pfas_tsca,pfas_aux_workbook,VDss_pfas_tsca,,,,,,0.0,[],88.0,raw,QSAR_READY_SMILES,TARGET_log10,predefined,5802a5fa294be6264f4689976d14b9bcf9b34ba2b002e5a20670e025d6ab4a37,54c1048c6e19a8b5c596e27a222b3ba1e0d3a9d3f11e7289e2068f36ae19d3a2,10134.0,291.0,9843.0,7102.0,0.0,2741.0,0.0,0.0,0.999,,1e-08,0.005,0.995,,7.0,elasticnet_cv,False,0.043287612810830614,0.7,156.0,3.0,random,7.0,False,34.48893784649846,7200.0,4852.725340542198,"[""morgan"", ""ecfp6"", ""fcfp6"", ""layered"", ""atom_pair"", ""topological_torsion"", ""rdk_path"", ""maccs"", ""rdkit"", ""maplight""]","[""morgan"", ""ecfp6"", ""fcfp6"", ""layered"", ""atom_pair"", ""topological_torsion"", ""rdk_path"", ""maccs"", ""rdkit"", ""maplight""]","[""ProxTubLen"", ""ProxTubDiam"", ""ProxTubVol"", ""ProxTubSA"", ""ProxTubTotalVol"", ""ProxTubTotSA"", ""GlomTotSA_ProxTubTotVol_ratio"", ""ProxTubTotSA_ProxTotVol_ratio"", ""species_Human"", ""species_Monkey"", ""species_Mouse"", ""species_Rat"", ""sex_F"", ""sex_M"", ""sex_MF"", ""route_intravenous"", ""route_oral"", ""route_other"", ""route_unknown""]",19.0,10134.0,C:\Users\scott\AutoQSAR\model_cache\feature_store_parquet,parquet,71.0,17.0,False,C:\Users\scott\AutoQSAR\model_cache\benchmark_feature_matrix_cache\b0d0f6de002b3153cf67b1e83556e6bcfd7241c79c55da874b150e467a93ce62.pkl,morgan_ecfp6_fcfp6_layered_atom_pair_topological_torsion_rdk_path_maccs_rdkit_maplight__9d9272112e8cc9d9,,,rmse,,0.403996668506342,,,,,,,,,,,,,,,,,,,,,,,,,,,,,,,,,,,,,,,,,,,,,,,,,,,,,,,,,,,,,,,,,,,,,OOF Stacking (RidgeCV),2.0,"ChemML MLP (PyTorch), Uni-Mol V1",,,,,,,,
,,vdss_pfas_tsca,,,,,Ensemble (Weighted average (inverse train RMSE)),ensemble,,62,26,,,,,,0.8962468522356246,0.09517132110028247,0.07396902900784412,0.9007061659274024,-0.41920676487312436,0.4034151204542415,0.21485453301847948,0.15358236870405043,2.818,PFAS auxiliary workbook: modeling_datasets_aux_features.xlsx::VDss_pfas_tsca,pfas_aux_workbook,VDss_pfas_tsca,,,,,,0.0,[],88.0,raw,QSAR_READY_SMILES,TARGET_log10,predefined,5802a5fa294be6264f4689976d14b9bcf9b34ba2b002e5a20670e025d6ab4a37,54c1048c6e19a8b5c596e27a222b3ba1e0d3a9d3f11e7289e2068f36ae19d3a2,10134.0,291.0,9843.0,7102.0,0.0,2741.0,0.0,0.0,0.999,,1e-08,0.005,0.995,,7.0,elasticnet_cv,False,0.043287612810830614,0.7,156.0,3.0,random,7.0,False,34.48893784649846,7200.0,4852.725340542198,"[""morgan"", ""ecfp6"", ""fcfp6"", ""layered"", ""atom_pair"", ""topological_torsion"", ""rdk_path"", ""maccs"", ""rdkit"", ""maplight""]","[""morgan"", ""ecfp6"", ""fcfp6"", ""layered"", ""atom_pair"", ""topological_torsion"", ""rdk_path"", ""maccs"", ""rdkit"", ""maplight""]","[""ProxTubLen"", ""ProxTubDiam"", ""ProxTubVol"", ""ProxTubSA"", ""ProxTubTotalVol"", ""ProxTubTotSA"", ""GlomTotSA_ProxTubTotVol_ratio"", ""ProxTubTotSA_ProxTotVol_ratio"", ""species_Human"", ""species_Monkey"", ""species_Mouse"", ""species_Rat"", ""sex_F"", ""sex_M"", ""sex_MF"", ""route_intravenous"", ""route_oral"", ""route_other"", ""route_unknown""]",19.0,10134.0,C:\Users\scott\AutoQSAR\model_cache\feature_store_parquet,parquet,71.0,17.0,False,C:\Users\scott\AutoQSAR\model_cache\benchmark_feature_matrix_cache\b0d0f6de002b3153cf67b1e83556e6bcfd7241c79c55da874b150e467a93ce62.pkl,morgan_ecfp6_fcfp6_layered_atom_pair_topological_torsion_rdk_path_maccs_rdkit_maplight__9d9272112e8cc9d9,,,rmse,,0.4034151204542415,,,,,,,,,,,,,,,,,,,,,,,,,,,,,,,,,,,,,,,,,,,,,,,,,,,,,,,,,,,,,,,,,,,,,Weighted average (inverse train RMSE),2.0,"ChemML MLP (PyTorch), Uni-Mol V1",,,,,,,,
